{"stats":{"minecraft:dropped":{"minecraft:wheat_seeds":1,"minecraft:dirt":1,"minecraft:pumpkin_pie":1},"minecraft:killed_by":{"minecraft:vex":3},"minecraft:crafted":{"minecraft:cooked_beef":1,"minecraft:oak_planks":7,"minecraft:stone_shovel":1,"minecraft:crafting_table":1,"ecologics:walnut_planks":3,"minecraft:baked_potato":16,"minecraft:stone_axe":1,"minecraft:air":42,"minecraft:stick":3,"minecraft:iron_pickaxe":1,"minecraft:stone_sword":1,"ecologics:walnut_boat":1,"minecraft:torch":8},"minecraft:mined":{"minecraft:ladder":10,"minecraft:grass_block":15,"minecraft:poppy":1,"minecraft:chest":1,"minecraft:tall_grass":5,"minecraft:composter":1,"minecraft:iron_ore":1,"minecraft:fire":4,"minecraft:yellow_bed":3,"minecraft:stone_brick_stairs":2,"minecraft:grass":3,"minecraft:coal_ore":4,"minecraft:oak_log":4,"minecraft:iron_bars":6,"minecraft:dirt":1,"ecologics:walnut_log":3,"minecraft:stone":7,"minecraft:oak_leaves":2},"minecraft:custom":{"minecraft:interact_with_furnace":4,"minecraft:mob_kills":8,"minecraft:interact_with_crafting_table":8,"minecraft:open_barrel":9,"minecraft:interact_with_grindstone":1,"minecraft:leave_game":4,"minecraft:time_since_death":222,"minecraft:sleep_in_bed":3,"minecraft:climb_one_cm":2526,"minecraft:time_since_rest":250,"minecraft:sprint_one_cm":103811,"minecraft:damage_taken":1627,"minecraft:walk_one_cm":210491,"minecraft:drop":3,"minecraft:damage_dealt":373,"minecraft:swim_one_cm":26023,"minecraft:talked_to_villager":3,"minecraft:fly_one_cm":262968,"minecraft:open_chest":35,"minecraft:crouch_one_cm":3037,"minecraft:play_time":69367,"minecraft:deaths":4,"minecraft:sneak_time":1039,"minecraft:walk_under_water_one_cm":13096,"minecraft:jump":1465,"minecraft:walk_on_water_one_cm":10620,"minecraft:total_world_time":69367,"minecraft:interact_with_smoker":6,"minecraft:fall_one_cm":48493},"minecraft:picked_up":{"ecologics:walnut_planks":6,"luminousworld:groundpebbles_1":3,"minecraft:ladder":10,"minecraft:potato":9,"minecraft:flint":30,"minecraft:oak_log":4,"minecraft:yellow_bed":4,"minecraft:gunpowder":27,"minecraft:string":1,"minecraft:dirt":24,"ecologics:walnut_boat":4,"minecraft:flint_and_steel":3,"minecraft:bow":5,"minecraft:wheat_seeds":2,"minecraft:beef":3,"minecraft:poppy":2,"minecraft:chest":3,"minecraft:raw_iron":1,"minecraft:cooked_porkchop":4,"ecologics:walnut_log":3,"minecraft:composter":1,"alexsmobs:animal_dictionary":3,"minecraft:arrow":6,"luminousworld:yellow_grassflowers":1,"minecraft:pumpkin_pie":1,"minecraft:emerald":34,"minecraft:obsidian":15,"minecraft:coal":7,"minecraft:iron_bars":12,"minecraft:cobblestone":7},"minecraft:killed":{"minecraft:witch":2,"minecraft:spider":1,"minecraft:vindicator":1,"minecraft:pillager":4},"minecraft:used":{"minecraft:oak_planks":7,"minecraft:baked_potato":9,"minecraft:ladder":8,"minecraft:chest":1,"minecraft:composter":1,"minecraft:torch":10,"minecraft:dirt":15,"minecraft:crafting_table":1,"minecraft:apple":2,"minecraft:bread":1,"minecraft:iron_pickaxe":16,"ecologics:walnut_boat":2,"minecraft:stone_axe":1,"ecologics:walnut_planks":3,"minecraft:bow":21,"minecraft:cooked_porkchop":4,"minecraft:yellow_bed":2,"minecraft:pumpkin_pie":1,"minecraft:potato":15,"minecraft:golden_pickaxe":7}},"DataVersion":3465}