{"stats":{"minecraft:mined":{"minecraft:yellow_bed":1,"minecraft:stone_brick_stairs":2,"minecraft:grass":2,"minecraft:grass_block":5,"minecraft:coal_ore":1,"minecraft:chest":1,"minecraft:iron_bars":2,"minecraft:tall_grass":1,"ecologics:walnut_log":3},"minecraft:crafted":{"minecraft:crafting_table":1,"ecologics:walnut_planks":3,"ecologics:walnut_boat":1,"minecraft:air":14},"minecraft:picked_up":{"ecologics:walnut_planks":6,"luminousworld:groundpebbles_1":3,"minecraft:cooked_porkchop":4,"ecologics:walnut_log":3,"minecraft:potato":9,"minecraft:flint":30,"minecraft:yellow_bed":2,"minecraft:gunpowder":27,"alexsmobs:animal_dictionary":3,"minecraft:dirt":13,"ecologics:walnut_boat":3,"minecraft:flint_and_steel":3,"minecraft:arrow":6,"minecraft:bow":5,"minecraft:wheat_seeds":1,"minecraft:beef":3,"minecraft:emerald":34,"minecraft:obsidian":15,"minecraft:chest":3,"minecraft:coal":4,"minecraft:iron_bars":8},"minecraft:killed":{"minecraft:pillager":4,"minecraft:witch":2,"minecraft:vindicator":1},"minecraft:dropped":{"minecraft:dirt":1,"minecraft:wheat_seeds":1},"minecraft:used":{"ecologics:walnut_boat":1,"minecraft:bow":20,"minecraft:crafting_table":1,"minecraft:cooked_porkchop":3,"minecraft:yellow_bed":1,"minecraft:potato":11,"minecraft:golden_pickaxe":7},"minecraft:custom":{"minecraft:time_since_rest":517,"minecraft:sprint_one_cm":45683,"minecraft:interact_with_furnace":1,"minecraft:damage_taken":1030,"minecraft:walk_one_cm":81703,"minecraft:mob_kills":7,"minecraft:drop":2,"minecraft:damage_dealt":265,"minecraft:interact_with_crafting_table":1,"minecraft:swim_one_cm":6362,"minecraft:fly_one_cm":128816,"minecraft:open_barrel":2,"minecraft:open_chest":9,"minecraft:crouch_one_cm":730,"minecraft:play_time":28055,"minecraft:deaths":3,"minecraft:sneak_time":240,"minecraft:walk_under_water_one_cm":1304,"minecraft:jump":688,"minecraft:interact_with_grindstone":1,"minecraft:leave_game":2,"minecraft:time_since_death":486,"minecraft:walk_on_water_one_cm":1533,"minecraft:total_world_time":28055,"minecraft:climb_one_cm":256,"minecraft:fall_one_cm":29345},"minecraft:killed_by":{"minecraft:vex":3}},"DataVersion":3465}