{"stats":{"minecraft:dropped":{"minecraft:wheat_seeds":1,"minecraft:dirt":1},"minecraft:killed_by":{"minecraft:vex":3},"minecraft:crafted":{"minecraft:cooked_beef":1,"minecraft:oak_planks":4,"minecraft:crafting_table":1,"ecologics:walnut_planks":3,"minecraft:baked_potato":9,"minecraft:air":19,"minecraft:stick":1,"minecraft:iron_pickaxe":1,"ecologics:walnut_boat":1},"minecraft:mined":{"minecraft:ladder":10,"minecraft:grass_block":15,"minecraft:poppy":1,"minecraft:chest":1,"minecraft:tall_grass":4,"minecraft:composter":1,"minecraft:fire":1,"minecraft:yellow_bed":3,"minecraft:stone_brick_stairs":2,"minecraft:grass":3,"minecraft:coal_ore":1,"minecraft:oak_log":1,"minecraft:iron_bars":2,"minecraft:dirt":1,"ecologics:walnut_log":3,"minecraft:oak_leaves":2},"minecraft:custom":{"minecraft:interact_with_furnace":2,"minecraft:mob_kills":7,"minecraft:interact_with_crafting_table":4,"minecraft:open_barrel":9,"minecraft:interact_with_grindstone":1,"minecraft:leave_game":3,"minecraft:time_since_death":27132,"minecraft:sleep_in_bed":2,"minecraft:climb_one_cm":2526,"minecraft:time_since_rest":7934,"minecraft:sprint_one_cm":86699,"minecraft:damage_taken":1360,"minecraft:walk_one_cm":162682,"minecraft:drop":2,"minecraft:damage_dealt":278,"minecraft:swim_one_cm":15692,"minecraft:talked_to_villager":2,"minecraft:fly_one_cm":246492,"minecraft:open_chest":22,"minecraft:crouch_one_cm":1757,"minecraft:play_time":54701,"minecraft:deaths":3,"minecraft:sneak_time":591,"minecraft:walk_under_water_one_cm":7146,"minecraft:jump":1331,"minecraft:walk_on_water_one_cm":5496,"minecraft:total_world_time":54701,"minecraft:interact_with_smoker":6,"minecraft:fall_one_cm":46078},"minecraft:picked_up":{"ecologics:walnut_planks":6,"luminousworld:groundpebbles_1":3,"minecraft:ladder":10,"minecraft:potato":9,"minecraft:flint":30,"minecraft:oak_log":1,"minecraft:yellow_bed":4,"minecraft:gunpowder":27,"minecraft:dirt":24,"ecologics:walnut_boat":3,"minecraft:flint_and_steel":3,"minecraft:bow":5,"minecraft:wheat_seeds":2,"minecraft:beef":3,"minecraft:poppy":2,"minecraft:chest":3,"minecraft:cooked_porkchop":4,"ecologics:walnut_log":3,"minecraft:composter":1,"alexsmobs:animal_dictionary":3,"minecraft:arrow":6,"luminousworld:yellow_grassflowers":1,"minecraft:emerald":34,"minecraft:obsidian":15,"minecraft:coal":4,"minecraft:iron_bars":8},"minecraft:killed":{"minecraft:witch":2,"minecraft:vindicator":1,"minecraft:pillager":4},"minecraft:used":{"minecraft:baked_potato":9,"minecraft:ladder":8,"minecraft:chest":1,"minecraft:composter":1,"minecraft:dirt":15,"minecraft:crafting_table":1,"minecraft:bread":1,"ecologics:walnut_boat":1,"ecologics:walnut_planks":3,"minecraft:bow":21,"minecraft:cooked_porkchop":4,"minecraft:yellow_bed":2,"minecraft:pumpkin_pie":1,"minecraft:potato":15,"minecraft:golden_pickaxe":7}},"DataVersion":3465}