{"stats":{"minecraft:custom":{"minecraft:time_since_rest":2966,"minecraft:interact_with_furnace":2,"minecraft:sprint_one_cm":82713,"minecraft:damage_taken":1360,"minecraft:walk_one_cm":148812,"minecraft:mob_kills":7,"minecraft:drop":2,"minecraft:damage_dealt":278,"minecraft:talked_to_villager":2,"minecraft:swim_one_cm":15692,"minecraft:interact_with_crafting_table":1,"minecraft:fly_one_cm":232938,"minecraft:open_barrel":9,"minecraft:open_chest":20,"minecraft:crouch_one_cm":1679,"minecraft:play_time":49733,"minecraft:deaths":3,"minecraft:sneak_time":516,"minecraft:walk_under_water_one_cm":4307,"minecraft:jump":1239,"minecraft:interact_with_grindstone":1,"minecraft:interact_with_smoker":6,"minecraft:leave_game":3,"minecraft:time_since_death":22164,"minecraft:walk_on_water_one_cm":5030,"minecraft:sleep_in_bed":2,"minecraft:total_world_time":49733,"minecraft:climb_one_cm":2526,"minecraft:fall_one_cm":44288},"minecraft:killed_by":{"minecraft:vex":3},"minecraft:mined":{"minecraft:fire":1,"minecraft:yellow_bed":3,"minecraft:stone_brick_stairs":2,"minecraft:ladder":10,"minecraft:grass":3,"minecraft:grass_block":15,"minecraft:coal_ore":1,"minecraft:poppy":1,"minecraft:chest":1,"minecraft:iron_bars":2,"minecraft:dirt":1,"minecraft:tall_grass":4,"minecraft:composter":1,"ecologics:walnut_log":3,"minecraft:oak_leaves":2},"minecraft:dropped":{"minecraft:dirt":1,"minecraft:wheat_seeds":1},"minecraft:killed":{"minecraft:pillager":4,"minecraft:witch":2,"minecraft:vindicator":1},"minecraft:used":{"minecraft:bread":1,"minecraft:baked_potato":9,"minecraft:ladder":8,"ecologics:walnut_boat":1,"minecraft:composter":1,"ecologics:walnut_planks":3,"minecraft:dirt":15,"minecraft:bow":21,"minecraft:crafting_table":1,"minecraft:cooked_porkchop":4,"minecraft:pumpkin_pie":1,"minecraft:yellow_bed":2,"minecraft:potato":15,"minecraft:golden_pickaxe":7},"minecraft:crafted":{"minecraft:cooked_beef":1,"minecraft:crafting_table":1,"minecraft:baked_potato":9,"ecologics:walnut_planks":3,"ecologics:walnut_boat":1,"minecraft:air":14},"minecraft:picked_up":{"ecologics:walnut_planks":6,"luminousworld:groundpebbles_1":3,"minecraft:ladder":10,"minecraft:cooked_porkchop":4,"ecologics:walnut_log":3,"minecraft:composter":1,"minecraft:potato":9,"minecraft:flint":30,"minecraft:yellow_bed":4,"minecraft:gunpowder":27,"alexsmobs:animal_dictionary":3,"minecraft:dirt":24,"ecologics:walnut_boat":3,"minecraft:flint_and_steel":3,"minecraft:arrow":6,"luminousworld:yellow_grassflowers":1,"minecraft:bow":5,"minecraft:wheat_seeds":2,"minecraft:beef":3,"minecraft:emerald":34,"minecraft:poppy":2,"minecraft:obsidian":15,"minecraft:chest":3,"minecraft:iron_bars":8,"minecraft:coal":4}},"DataVersion":3465}