{"stats":{"minecraft:custom":{"minecraft:time_since_rest":1018,"minecraft:interact_with_furnace":1,"minecraft:sprint_one_cm":50097,"minecraft:damage_taken":1240,"minecraft:walk_one_cm":97770,"minecraft:mob_kills":7,"minecraft:drop":2,"minecraft:damage_dealt":271,"minecraft:swim_one_cm":8374,"minecraft:interact_with_crafting_table":1,"minecraft:fly_one_cm":135604,"minecraft:open_barrel":2,"minecraft:open_chest":9,"minecraft:crouch_one_cm":816,"minecraft:play_time":33404,"minecraft:deaths":3,"minecraft:sneak_time":277,"minecraft:walk_under_water_one_cm":1822,"minecraft:jump":776,"minecraft:interact_with_grindstone":1,"minecraft:leave_game":2,"minecraft:time_since_death":5835,"minecraft:walk_on_water_one_cm":3665,"minecraft:sleep_in_bed":1,"minecraft:total_world_time":33404,"minecraft:climb_one_cm":2526,"minecraft:fall_one_cm":30599},"minecraft:killed_by":{"minecraft:vex":3},"minecraft:mined":{"minecraft:yellow_bed":3,"minecraft:stone_brick_stairs":2,"minecraft:ladder":10,"minecraft:grass":2,"minecraft:grass_block":15,"minecraft:coal_ore":1,"minecraft:poppy":1,"minecraft:chest":1,"minecraft:iron_bars":2,"minecraft:dirt":1,"minecraft:tall_grass":1,"ecologics:walnut_log":3,"minecraft:oak_leaves":2},"minecraft:dropped":{"minecraft:dirt":1,"minecraft:wheat_seeds":1},"minecraft:killed":{"minecraft:pillager":4,"minecraft:witch":2,"minecraft:vindicator":1},"minecraft:used":{"minecraft:ladder":8,"ecologics:walnut_boat":1,"ecologics:walnut_planks":3,"minecraft:dirt":10,"minecraft:bow":20,"minecraft:crafting_table":1,"minecraft:cooked_porkchop":4,"minecraft:yellow_bed":2,"minecraft:potato":11,"minecraft:golden_pickaxe":7},"minecraft:crafted":{"minecraft:crafting_table":1,"ecologics:walnut_planks":3,"ecologics:walnut_boat":1,"minecraft:air":14},"minecraft:picked_up":{"ecologics:walnut_planks":6,"luminousworld:groundpebbles_1":3,"minecraft:ladder":10,"minecraft:cooked_porkchop":4,"ecologics:walnut_log":3,"minecraft:potato":9,"minecraft:flint":30,"minecraft:yellow_bed":4,"minecraft:gunpowder":27,"alexsmobs:animal_dictionary":3,"minecraft:dirt":24,"ecologics:walnut_boat":3,"minecraft:flint_and_steel":3,"minecraft:arrow":6,"luminousworld:yellow_grassflowers":1,"minecraft:bow":5,"minecraft:wheat_seeds":1,"minecraft:beef":3,"minecraft:emerald":34,"minecraft:poppy":2,"minecraft:obsidian":15,"minecraft:chest":3,"minecraft:iron_bars":8,"minecraft:coal":4}},"DataVersion":3465}