{"stats":{"minecraft:used":{"minecraft:golden_pickaxe":4},"minecraft:dropped":{"minecraft:dirt":1,"minecraft:wheat_seeds":1},"minecraft:mined":{"minecraft:grass_block":1,"minecraft:coal_ore":1,"minecraft:chest":1,"minecraft:stone_brick_stairs":2},"minecraft:picked_up":{"minecraft:wheat_seeds":1,"minecraft:chest":1,"minecraft:coal":1,"minecraft:dirt":1},"minecraft:custom":{"minecraft:time_since_rest":13310,"minecraft:open_chest":1,"minecraft:play_time":13310,"minecraft:sprint_one_cm":23371,"minecraft:damage_taken":50,"minecraft:walk_one_cm":24685,"minecraft:walk_under_water_one_cm":1304,"minecraft:drop":2,"minecraft:jump":406,"minecraft:leave_game":1,"minecraft:time_since_death":13310,"minecraft:walk_on_water_one_cm":1307,"minecraft:total_world_time":13310,"minecraft:fly_one_cm":77630,"minecraft:fall_one_cm":16988,"minecraft:swim_one_cm":6362}},"DataVersion":3465}