{
  "minecraft:recipes/decorations/crafting_table": {
    "criteria": {
      "unlock_right_away": "2024-07-08 22:11:12 +0000"
    },
    "done": true
  },
  "betterdeserttemples:root": {
    "criteria": {
      "always": "2024-07-08 22:11:12 +0000"
    },
    "done": true
  },
  "incendium:technical/new_player": {
    "criteria": {
      "requirement": "2024-07-08 22:11:12 +0000"
    },
    "done": true
  },
  "dungeons_arise:wda_root": {
    "criteria": {
      "WDA": "2024-07-08 22:11:12 +0000"
    },
    "done": true
  },
  "betterdungeons:root": {
    "criteria": {
      "always": "2024-07-08 22:11:12 +0000"
    },
    "done": true
  },
  "born_in_chaos_v1:bornin_chaos": {
    "criteria": {
      "bornin_chaos_0": "2024-07-08 22:11:12 +0000"
    },
    "done": true
  },
  "incendium:technical/scroll_of_returning": {
    "criteria": {
      "log_spam_fixer": "2024-07-08 22:11:13 +0000"
    },
    "done": false
  },
  "incendium:technical/using/ragnarok": {
    "criteria": {
      "log_spam_fixer": "2024-07-08 22:11:13 +0000"
    },
    "done": false
  },
  "incendium:technical/using/trailblazer": {
    "criteria": {
      "log_spam_fixer": "2024-07-08 22:11:13 +0000"
    },
    "done": false
  },
  "minecraft:adventure/adventuring_time": {
    "criteria": {
      "minecraft:beach": "2024-07-08 22:15:37 +0000",
      "minecraft:river": "2024-07-08 22:15:18 +0000",
      "minecraft:stony_shore": "2024-07-08 22:16:00 +0000",
      "minecraft:jagged_peaks": "2024-07-08 22:33:31 +0000",
      "minecraft:forest": "2024-07-08 22:12:08 +0000",
      "minecraft:ocean": "2024-07-08 22:15:42 +0000",
      "minecraft:meadow": "2024-07-08 22:33:05 +0000",
      "minecraft:plains": "2024-07-08 22:11:13 +0000"
    },
    "done": false
  },
  "incendium:technical/using/shield": {
    "criteria": {
      "log_spam_fixer": "2024-07-08 22:11:13 +0000"
    },
    "done": false
  },
  "ecologics:recipes/ecologics/azalea_boat": {
    "criteria": {
      "in_water": "2024-07-08 22:15:15 +0000"
    },
    "done": true
  },
  "minecraft:recipes/transportation/cherry_boat": {
    "criteria": {
      "in_water": "2024-07-08 22:15:15 +0000"
    },
    "done": true
  },
  "minecraft:recipes/transportation/bamboo_raft": {
    "criteria": {
      "in_water": "2024-07-08 22:15:15 +0000"
    },
    "done": true
  },
  "minecraft:recipes/transportation/spruce_boat": {
    "criteria": {
      "in_water": "2024-07-08 22:15:15 +0000"
    },
    "done": true
  },
  "minecraft:recipes/transportation/birch_boat": {
    "criteria": {
      "in_water": "2024-07-08 22:15:15 +0000"
    },
    "done": true
  },
  "minecraft:recipes/transportation/oak_boat": {
    "criteria": {
      "in_water": "2024-07-08 22:15:15 +0000"
    },
    "done": true
  },
  "ecologics:recipes/ecologics/walnut_boat": {
    "criteria": {
      "in_water": "2024-07-08 22:15:15 +0000"
    },
    "done": true
  },
  "minecraft:recipes/transportation/mangrove_boat": {
    "criteria": {
      "in_water": "2024-07-08 22:15:15 +0000"
    },
    "done": true
  },
  "boatload:recipes/transportation/warped_boat": {
    "criteria": {
      "in_water": "2024-07-08 22:15:15 +0000"
    },
    "done": true
  },
  "ecologics:recipes/ecologics/coconut_boat": {
    "criteria": {
      "in_water": "2024-07-08 22:15:15 +0000"
    },
    "done": true
  },
  "ecologics:recipes/ecologics/flowering_azalea_boat": {
    "criteria": {
      "in_water": "2024-07-08 22:15:15 +0000"
    },
    "done": true
  },
  "boatload:recipes/transportation/crimson_boat": {
    "criteria": {
      "in_water": "2024-07-08 22:15:15 +0000"
    },
    "done": true
  },
  "minecraft:recipes/transportation/acacia_boat": {
    "criteria": {
      "in_water": "2024-07-08 22:15:15 +0000"
    },
    "done": true
  },
  "minecraft:recipes/transportation/jungle_boat": {
    "criteria": {
      "in_water": "2024-07-08 22:15:15 +0000"
    },
    "done": true
  },
  "minecraft:recipes/transportation/dark_oak_boat": {
    "criteria": {
      "in_water": "2024-07-08 22:15:15 +0000"
    },
    "done": true
  },
  "minecraft:recipes/misc/gold_nugget_from_smelting": {
    "criteria": {
      "has_golden_pickaxe": "2024-07-08 22:18:08 +0000"
    },
    "done": true
  },
  "minecraft:recipes/misc/gold_nugget_from_blasting": {
    "criteria": {
      "has_golden_pickaxe": "2024-07-08 22:18:08 +0000"
    },
    "done": true
  },
  "minecraft:recipes/tools/flint_and_steel": {
    "criteria": {
      "has_obsidian": "2024-07-08 22:18:09 +0000"
    },
    "done": true
  },
  "minecraft:story/form_obsidian": {
    "criteria": {
      "obsidian": "2024-07-08 22:18:09 +0000"
    },
    "done": true
  },
  "minecraft:recipes/decorations/enchanting_table": {
    "criteria": {
      "has_obsidian": "2024-07-08 22:18:09 +0000"
    },
    "done": true
  },
  "travelersbackpack:recipes/misc/standard": {
    "criteria": {
      "has_chest": "2024-07-08 22:18:16 +0000"
    },
    "done": true
  },
  "travelersbackpack:recipes/misc/blank_upgrade": {
    "criteria": {
      "has_chest": "2024-07-08 22:18:16 +0000"
    },
    "done": true
  },
  "travelersbackpack:recipes/misc/coal": {
    "criteria": {
      "has_coal": "2024-07-08 22:18:47 +0000"
    },
    "done": true
  },
  "minecraft:recipes/building_blocks/coal_block": {
    "criteria": {
      "has_coal": "2024-07-08 22:18:47 +0000"
    },
    "done": true
  },
  "minecraft:recipes/decorations/campfire": {
    "criteria": {
      "has_coal": "2024-07-08 22:18:47 +0000"
    },
    "done": true
  },
  "morebows:recipes/iron_bow": {
    "criteria": {
      "has_bow": "2024-07-08 22:28:08 +0000"
    },
    "done": true
  },
  "morebows:recipes/stone_bow": {
    "criteria": {
      "has_bow": "2024-07-08 22:28:08 +0000"
    },
    "done": true
  },
  "morebows:recipes/gold_bow": {
    "criteria": {
      "has_bow": "2024-07-08 22:28:08 +0000"
    },
    "done": true
  },
  "morebows:recipes/diamond_bow": {
    "criteria": {
      "has_bow": "2024-07-08 22:28:08 +0000"
    },
    "done": true
  },
  "minecraft:recipes/redstone/dispenser": {
    "criteria": {
      "has_bow": "2024-07-08 22:28:08 +0000"
    },
    "done": true
  },
  "minecraft:recipes/decorations/fletching_table": {
    "criteria": {
      "has_flint": "2024-07-08 22:28:10 +0000"
    },
    "done": true
  },
  "minecraft:recipes/combat/arrow": {
    "criteria": {
      "has_flint": "2024-07-08 22:28:10 +0000"
    },
    "done": true
  },
  "travelersbackpack:recipes/misc/creeper": {
    "criteria": {
      "has_gunpowder": "2024-07-08 22:28:12 +0000"
    },
    "done": true
  },
  "minecraft:recipes/misc/firework_rocket_simple": {
    "criteria": {
      "has_gunpowder": "2024-07-08 22:28:12 +0000"
    },
    "done": true
  },
  "minecraft:recipes/redstone/tnt": {
    "criteria": {
      "has_gunpowder": "2024-07-08 22:28:12 +0000"
    },
    "done": true
  },
  "minecraft:recipes/decorations/chest": {
    "criteria": {
      "has_lots_of_items": "2024-07-08 22:28:15 +0000"
    },
    "done": true
  },
  "minecraft:recipes/building_blocks/emerald_block": {
    "criteria": {
      "has_emerald": "2024-07-08 22:28:16 +0000"
    },
    "done": true
  },
  "travelersbackpack:recipes/misc/emerald": {
    "criteria": {
      "has_emerald": "2024-07-08 22:28:16 +0000"
    },
    "done": true
  },
  "travelersbackpack:recipes/misc/skeleton": {
    "criteria": {
      "has_arrow": "2024-07-08 22:28:17 +0000"
    },
    "done": true
  },
  "minecraft:adventure/shoot_arrow": {
    "criteria": {
      "shot_arrow": "2024-07-08 22:28:48 +0000"
    },
    "done": true
  },
  "minecraft:adventure/kill_all_mobs": {
    "criteria": {
      "minecraft:pillager": "2024-07-08 22:29:12 +0000",
      "minecraft:vindicator": "2024-07-08 22:28:50 +0000",
      "minecraft:spider": "2024-07-09 02:16:08 +0000",
      "minecraft:witch": "2024-07-08 22:29:05 +0000"
    },
    "done": false
  },
  "minecraft:adventure/root": {
    "criteria": {
      "killed_something": "2024-07-08 22:28:50 +0000"
    },
    "done": true
  },
  "minecraft:adventure/kill_a_mob": {
    "criteria": {
      "minecraft:vindicator": "2024-07-08 22:28:50 +0000"
    },
    "done": true
  },
  "minecraft:husbandry/root": {
    "criteria": {
      "consumed_item": "2024-07-08 22:30:42 +0000"
    },
    "done": true
  },
  "minecraft:husbandry/balanced_diet": {
    "criteria": {
      "cooked_porkchop": "2024-07-08 22:30:42 +0000",
      "baked_potato": "2024-07-09 00:23:46 +0000",
      "apple": "2024-07-09 02:12:39 +0000",
      "potato": "2024-07-08 22:38:03 +0000",
      "pumpkin_pie": "2024-07-09 00:22:32 +0000",
      "bread": "2024-07-09 00:31:55 +0000"
    },
    "done": false
  },
  "minecraft:recipes/food/cooked_beef_from_smoking": {
    "criteria": {
      "has_beef": "2024-07-08 22:31:21 +0000"
    },
    "done": true
  },
  "minecraft:recipes/food/cooked_beef": {
    "criteria": {
      "has_beef": "2024-07-08 22:31:21 +0000"
    },
    "done": true
  },
  "minecraft:recipes/food/cooked_beef_from_campfire_cooking": {
    "criteria": {
      "has_beef": "2024-07-08 22:31:21 +0000"
    },
    "done": true
  },
  "minecraft:recipes/food/baked_potato_from_campfire_cooking": {
    "criteria": {
      "has_potato": "2024-07-08 22:32:11 +0000"
    },
    "done": true
  },
  "minecraft:recipes/food/baked_potato": {
    "criteria": {
      "has_potato": "2024-07-08 22:32:11 +0000"
    },
    "done": true
  },
  "minecraft:recipes/food/baked_potato_from_smoking": {
    "criteria": {
      "has_potato": "2024-07-08 22:32:11 +0000"
    },
    "done": true
  },
  "ecologics:recipes/ecologics/walnut_planks": {
    "criteria": {
      "has_logs": "2024-07-08 22:33:40 +0000"
    },
    "done": true
  },
  "minecraft:recipes/misc/charcoal": {
    "criteria": {
      "has_log": "2024-07-08 22:33:40 +0000"
    },
    "done": true
  },
  "ecologics:recipes/ecologics/walnut_wood": {
    "criteria": {
      "has_log": "2024-07-08 22:33:40 +0000"
    },
    "done": true
  },
  "ecologics:recipes/ecologics/walnut_fence_gate": {
    "criteria": {
      "has_planks": "2024-07-08 22:34:41 +0000"
    },
    "done": true
  },
  "minecraft:recipes/misc/stick": {
    "criteria": {
      "has_planks": "2024-07-08 22:34:41 +0000"
    },
    "done": true
  },
  "ecologics:recipes/ecologics/walnut_trapdoor": {
    "criteria": {
      "has_planks": "2024-07-08 22:34:41 +0000"
    },
    "done": true
  },
  "ecologics:recipes/ecologics/walnut_sign": {
    "criteria": {
      "has_planks": "2024-07-08 22:34:41 +0000"
    },
    "done": true
  },
  "ecologics:recipes/ecologics/walnut_button": {
    "criteria": {
      "has_planks": "2024-07-08 22:34:41 +0000"
    },
    "done": true
  },
  "ecologics:recipes/ecologics/walnut_slab": {
    "criteria": {
      "has_planks": "2024-07-08 22:34:41 +0000"
    },
    "done": true
  },
  "ecologics:recipes/ecologics/walnut_stairs": {
    "criteria": {
      "has_planks": "2024-07-08 22:34:41 +0000"
    },
    "done": true
  },
  "ecologics:recipes/ecologics/walnut_pressure_plate": {
    "criteria": {
      "has_planks": "2024-07-08 22:34:41 +0000"
    },
    "done": true
  },
  "ecologics:recipes/ecologics/walnut_door": {
    "criteria": {
      "has_planks": "2024-07-08 22:34:41 +0000"
    },
    "done": true
  },
  "minecraft:recipes/decorations/barrel": {
    "criteria": {
      "has_planks": "2024-07-08 22:34:41 +0000"
    },
    "done": true
  },
  "ecologics:recipes/ecologics/walnut_fence": {
    "criteria": {
      "has_planks": "2024-07-08 22:34:41 +0000"
    },
    "done": true
  },
  "travelersbackpack:recipes/misc/crafting_upgrade": {
    "criteria": {
      "has_crafting_table": "2024-07-08 22:34:44 +0000"
    },
    "done": true
  },
  "minecraft:story/root": {
    "criteria": {
      "crafting_table": "2024-07-08 22:34:44 +0000"
    },
    "done": true
  },
  "boatload:recipes/transportation/warped_chest_boat": {
    "criteria": {
      "has_boat": "2024-07-08 22:34:50 +0000"
    },
    "done": true
  },
  "boatload:recipes/transportation/oak_furnace_boat": {
    "criteria": {
      "has_boat": "2024-07-08 22:34:50 +0000"
    },
    "done": true
  },
  "ecologics:recipes/ecologics/azalea_chest_boat": {
    "criteria": {
      "has_boat": "2024-07-08 22:34:50 +0000"
    },
    "done": true
  },
  "boatload:recipes/transportation/acacia_furnace_boat": {
    "criteria": {
      "has_boat": "2024-07-08 22:34:50 +0000"
    },
    "done": true
  },
  "boatload:recipes/transportation/large_warped_boat": {
    "criteria": {
      "has_boat": "2024-07-08 22:34:50 +0000"
    },
    "done": true
  },
  "boatload:recipes/transportation/bamboo_furnace_raft": {
    "criteria": {
      "has_boat": "2024-07-08 22:34:50 +0000"
    },
    "done": true
  },
  "minecraft:recipes/transportation/spruce_chest_boat": {
    "criteria": {
      "has_boat": "2024-07-08 22:34:50 +0000"
    },
    "done": true
  },
  "boatload:recipes/transportation/dark_oak_furnace_boat": {
    "criteria": {
      "has_boat": "2024-07-08 22:34:50 +0000"
    },
    "done": true
  },
  "minecraft:recipes/transportation/jungle_chest_boat": {
    "criteria": {
      "has_boat": "2024-07-08 22:34:50 +0000"
    },
    "done": true
  },
  "boatload:recipes/transportation/wide_bamboo_raft": {
    "criteria": {
      "has_boat": "2024-07-08 22:34:50 +0000"
    },
    "done": true
  },
  "minecraft:recipes/transportation/acacia_chest_boat": {
    "criteria": {
      "has_boat": "2024-07-08 22:34:50 +0000"
    },
    "done": true
  },
  "boatload:recipes/transportation/crimson_furnace_boat": {
    "criteria": {
      "has_boat": "2024-07-08 22:34:50 +0000"
    },
    "done": true
  },
  "minecraft:recipes/transportation/mangrove_chest_boat": {
    "criteria": {
      "has_boat": "2024-07-08 22:34:50 +0000"
    },
    "done": true
  },
  "ecologics:recipes/ecologics/coconut_chest_boat": {
    "criteria": {
      "has_boat": "2024-07-08 22:34:50 +0000"
    },
    "done": true
  },
  "boatload:recipes/transportation/large_spruce_boat": {
    "criteria": {
      "has_boat": "2024-07-08 22:34:50 +0000"
    },
    "done": true
  },
  "boatload:recipes/transportation/mangrove_furnace_boat": {
    "criteria": {
      "has_boat": "2024-07-08 22:34:50 +0000"
    },
    "done": true
  },
  "minecraft:recipes/transportation/oak_chest_boat": {
    "criteria": {
      "has_boat": "2024-07-08 22:34:50 +0000"
    },
    "done": true
  },
  "boatload:recipes/transportation/large_birch_boat": {
    "criteria": {
      "has_boat": "2024-07-08 22:34:50 +0000"
    },
    "done": true
  },
  "boatload:recipes/transportation/cherry_furnace_boat": {
    "criteria": {
      "has_boat": "2024-07-08 22:34:50 +0000"
    },
    "done": true
  },
  "minecraft:recipes/transportation/cherry_chest_boat": {
    "criteria": {
      "has_boat": "2024-07-08 22:34:50 +0000"
    },
    "done": true
  },
  "minecraft:recipes/transportation/birch_chest_boat": {
    "criteria": {
      "has_boat": "2024-07-08 22:34:50 +0000"
    },
    "done": true
  },
  "boatload:recipes/transportation/large_oak_boat": {
    "criteria": {
      "has_boat": "2024-07-08 22:34:50 +0000"
    },
    "done": true
  },
  "boatload:recipes/transportation/jungle_furnace_boat": {
    "criteria": {
      "has_boat": "2024-07-08 22:34:50 +0000"
    },
    "done": true
  },
  "boatload:recipes/transportation/warped_furnace_boat": {
    "criteria": {
      "has_boat": "2024-07-08 22:34:50 +0000"
    },
    "done": true
  },
  "boatload:recipes/transportation/birch_furnace_boat": {
    "criteria": {
      "has_boat": "2024-07-08 22:34:50 +0000"
    },
    "done": true
  },
  "ecologics:recipes/ecologics/flowering_azalea_chest_boat": {
    "criteria": {
      "has_boat": "2024-07-08 22:34:50 +0000"
    },
    "done": true
  },
  "boatload:recipes/transportation/large_cherry_boat": {
    "criteria": {
      "has_boat": "2024-07-08 22:34:50 +0000"
    },
    "done": true
  },
  "minecraft:recipes/transportation/dark_oak_chest_boat": {
    "criteria": {
      "has_boat": "2024-07-08 22:34:50 +0000"
    },
    "done": true
  },
  "ecologics:recipes/ecologics/walnut_chest_boat": {
    "criteria": {
      "has_boat": "2024-07-08 22:34:50 +0000"
    },
    "done": true
  },
  "minecraft:recipes/transportation/bamboo_chest_raft": {
    "criteria": {
      "has_boat": "2024-07-08 22:34:50 +0000"
    },
    "done": true
  },
  "boatload:recipes/transportation/large_crimson_boat": {
    "criteria": {
      "has_boat": "2024-07-08 22:34:50 +0000"
    },
    "done": true
  },
  "boatload:recipes/transportation/large_jungle_boat": {
    "criteria": {
      "has_boat": "2024-07-08 22:34:50 +0000"
    },
    "done": true
  },
  "boatload:recipes/transportation/large_dark_oak_boat": {
    "criteria": {
      "has_boat": "2024-07-08 22:34:50 +0000"
    },
    "done": true
  },
  "boatload:recipes/transportation/large_acacia_boat": {
    "criteria": {
      "has_boat": "2024-07-08 22:34:50 +0000"
    },
    "done": true
  },
  "boatload:recipes/transportation/crimson_chest_boat": {
    "criteria": {
      "has_boat": "2024-07-08 22:34:50 +0000"
    },
    "done": true
  },
  "boatload:recipes/transportation/spruce_furnace_boat": {
    "criteria": {
      "has_boat": "2024-07-08 22:34:50 +0000"
    },
    "done": true
  },
  "boatload:recipes/transportation/large_mangrove_boat": {
    "criteria": {
      "has_boat": "2024-07-08 22:34:50 +0000"
    },
    "done": true
  },
  "minecraft:recipes/misc/red_dye_from_poppy": {
    "criteria": {
      "has_poppy": "2024-07-09 00:17:05 +0000"
    },
    "done": true
  },
  "dungeons_arise:find_coliseum": {
    "criteria": {
      "location0": "2024-07-09 00:17:10 +0000"
    },
    "done": true
  },
  "minecraft:adventure/sleep_in_bed": {
    "criteria": {
      "slept_in_bed": "2024-07-09 00:18:15 +0000"
    },
    "done": true
  },
  "nova_structures:root": {
    "criteria": {
      "nova_structures:adventure/find_tavern": "2024-07-09 00:21:27 +0000"
    },
    "done": true
  },
  "nova_structures:adventure/find_tavern": {
    "criteria": {
      "nova_structures:tavern_oak": "2024-07-09 00:21:27 +0000"
    },
    "done": true
  },
  "nova_structures:adventure/tavern_quest": {
    "criteria": {
      "open_tavern_chest": "2024-07-09 00:22:13 +0000"
    },
    "done": true
  },
  "minecraft:recipes/tools/spyglass": {
    "criteria": {
      "has_amethyst_shard": "2024-07-09 00:26:31 +0000"
    },
    "done": true
  },
  "bosses_of_mass_destruction:recipes/void_lily": {
    "criteria": {
      "has_amethyst_shard": "2024-07-09 00:26:31 +0000"
    },
    "done": true
  },
  "minecraft:recipes/redstone/calibrated_sculk_sensor": {
    "criteria": {
      "has_amethyst_shard": "2024-07-09 00:26:31 +0000"
    },
    "done": true
  },
  "minecraft:recipes/building_blocks/tinted_glass": {
    "criteria": {
      "has_amethyst_shard": "2024-07-09 00:26:31 +0000"
    },
    "done": true
  },
  "minecraft:recipes/building_blocks/amethyst_block": {
    "criteria": {
      "has_amethyst_shard": "2024-07-09 00:26:31 +0000"
    },
    "done": true
  },
  "travelersbackpack:recipes/misc/chicken": {
    "criteria": {
      "has_feather": "2024-07-09 00:26:44 +0000"
    },
    "done": true
  },
  "minecraft:recipes/misc/sentry_armor_trim_smithing_template": {
    "criteria": {
      "has_sentry_armor_trim_smithing_template": "2024-07-09 00:26:55 +0000"
    },
    "done": true
  },
  "minecraft:recipes/misc/sentry_armor_trim_smithing_template_smithing_trim": {
    "criteria": {
      "has_smithing_trim_template": "2024-07-09 00:26:55 +0000"
    },
    "done": true
  },
  "minecraft:recipes/combat/iron_leggings": {
    "criteria": {
      "has_iron_ingot": "2024-07-09 00:26:58 +0000"
    },
    "done": true
  },
  "minecraft:recipes/combat/iron_chestplate": {
    "criteria": {
      "has_iron_ingot": "2024-07-09 00:26:58 +0000"
    },
    "done": true
  },
  "travelersbackpack:recipes/misc/backpack_tank": {
    "criteria": {
      "has_iron": "2024-07-09 00:26:58 +0000"
    },
    "done": true
  },
  "minecraft:recipes/misc/iron_nugget": {
    "criteria": {
      "has_iron_ingot": "2024-07-09 00:26:58 +0000"
    },
    "done": true
  },
  "minecraft:recipes/misc/bucket": {
    "criteria": {
      "has_iron_ingot": "2024-07-09 00:26:58 +0000"
    },
    "done": true
  },
  "minecraft:recipes/combat/iron_helmet": {
    "criteria": {
      "has_iron_ingot": "2024-07-09 00:26:58 +0000"
    },
    "done": true
  },
  "minecraft:recipes/transportation/minecart": {
    "criteria": {
      "has_iron_ingot": "2024-07-09 00:26:58 +0000"
    },
    "done": true
  },
  "minecraft:recipes/tools/iron_hoe": {
    "criteria": {
      "has_iron_ingot": "2024-07-09 00:26:58 +0000"
    },
    "done": true
  },
  "minecraft:story/smelt_iron": {
    "criteria": {
      "iron": "2024-07-09 00:26:58 +0000"
    },
    "done": true
  },
  "minecraft:recipes/tools/shears": {
    "criteria": {
      "has_iron_ingot": "2024-07-09 00:26:58 +0000"
    },
    "done": true
  },
  "shieldexp:recipes/iron_shield": {
    "criteria": {
      "has_iron_ingot": "2024-07-09 00:26:58 +0000"
    },
    "done": true
  },
  "minecraft:recipes/decorations/chain": {
    "criteria": {
      "has_iron_ingot": "2024-07-09 00:26:58 +0000"
    },
    "done": true
  },
  "minecraft:recipes/building_blocks/iron_block": {
    "criteria": {
      "has_iron_ingot": "2024-07-09 00:26:58 +0000"
    },
    "done": true
  },
  "minecraft:recipes/decorations/smithing_table": {
    "criteria": {
      "has_iron_ingot": "2024-07-09 00:26:58 +0000"
    },
    "done": true
  },
  "sawmill:recipes/sawmill": {
    "criteria": {
      "has_iron": "2024-07-09 00:26:58 +0000"
    },
    "done": true
  },
  "minecraft:recipes/combat/iron_sword": {
    "criteria": {
      "has_iron_ingot": "2024-07-09 00:26:58 +0000"
    },
    "done": true
  },
  "minecraft:recipes/tools/iron_pickaxe": {
    "criteria": {
      "has_iron_ingot": "2024-07-09 00:26:58 +0000"
    },
    "done": true
  },
  "minecraft:recipes/combat/shield": {
    "criteria": {
      "has_iron_ingot": "2024-07-09 00:26:58 +0000"
    },
    "done": true
  },
  "minecraft:recipes/redstone/hopper": {
    "criteria": {
      "has_iron_ingot": "2024-07-09 00:26:58 +0000"
    },
    "done": true
  },
  "travelersbackpack:recipes/misc/iron": {
    "criteria": {
      "has_iron_ingot": "2024-07-09 00:26:58 +0000"
    },
    "done": true
  },
  "minecraft:recipes/decorations/iron_bars": {
    "criteria": {
      "has_iron_ingot": "2024-07-09 00:26:58 +0000"
    },
    "done": true
  },
  "travelersbackpack:recipes/misc/iron_tier_upgrade": {
    "criteria": {
      "has_iron_ingot": "2024-07-09 00:26:58 +0000"
    },
    "done": true
  },
  "minecraft:recipes/combat/iron_boots": {
    "criteria": {
      "has_iron_ingot": "2024-07-09 00:26:58 +0000"
    },
    "done": true
  },
  "travelersbackpack:recipes/misc/hose_nozzle": {
    "criteria": {
      "has_iron": "2024-07-09 00:26:58 +0000"
    },
    "done": true
  },
  "minecraft:recipes/decorations/lantern": {
    "criteria": {
      "has_iron_ingot": "2024-07-09 00:26:58 +0000"
    },
    "done": true
  },
  "minecraft:recipes/tools/iron_shovel": {
    "criteria": {
      "has_iron_ingot": "2024-07-09 00:26:58 +0000"
    },
    "done": true
  },
  "minecraft:recipes/redstone/iron_trapdoor": {
    "criteria": {
      "has_iron_ingot": "2024-07-09 00:26:58 +0000"
    },
    "done": true
  },
  "minecraft:recipes/tools/iron_axe": {
    "criteria": {
      "has_iron_ingot": "2024-07-09 00:26:58 +0000"
    },
    "done": true
  },
  "minecraft:recipes/combat/crossbow": {
    "criteria": {
      "has_iron_ingot": "2024-07-09 00:26:58 +0000"
    },
    "done": true
  },
  "minecraft:recipes/redstone/iron_door": {
    "criteria": {
      "has_iron_ingot": "2024-07-09 00:26:58 +0000"
    },
    "done": true
  },
  "minecraft:recipes/redstone/heavy_weighted_pressure_plate": {
    "criteria": {
      "has_iron_ingot": "2024-07-09 00:26:58 +0000"
    },
    "done": true
  },
  "incendium:technical/sentrys_wrath": {
    "criteria": {
      "log_spam_fixer": "2024-07-09 02:17:32 +0000"
    },
    "done": false
  },
  "incendium:technical/inventory/sentrys_wrath": {
    "criteria": {
      "log_spam_fixer": "2024-07-09 02:17:32 +0000"
    },
    "done": false
  },
  "incendium:technical/feed_ghastling": {
    "criteria": {
      "log_spam_fixer": "2024-07-09 02:17:32 +0000"
    },
    "done": false
  },
  "incendium:technical/on_player_hurt": {
    "criteria": {
      "requirement": "2024-07-09 02:17:32 +0000",
      "log_spam_fixer": "2024-07-09 02:17:32 +0000"
    },
    "done": true
  },
  "incendium:technical/firestorm": {
    "criteria": {
      "log_spam_fixer": "2024-07-09 02:17:32 +0000"
    },
    "done": false
  },
  "incendium:technical/inventory/firestorm": {
    "criteria": {
      "log_spam_fixer": "2024-07-09 02:17:32 +0000"
    },
    "done": false
  },
  "incendium:technical/give_ghastling": {
    "criteria": {
      "log_spam_fixer": "2024-07-09 02:17:32 +0000"
    },
    "done": false
  },
  "incendium:technical/on_kill": {
    "criteria": {
      "log_spam_fixer": "2024-07-09 02:17:32 +0000"
    },
    "done": false
  },
  "incendium:technical/multiplex_crossbow": {
    "criteria": {
      "log_spam_fixer": "2024-07-09 02:17:32 +0000"
    },
    "done": false
  },
  "incendium:technical/on_inventory_change": {
    "criteria": {
      "log_spam_fixer": "2024-07-09 02:17:32 +0000"
    },
    "done": false
  },
  "incendium:technical/holy_wrath": {
    "criteria": {
      "log_spam_fixer": "2024-07-09 02:17:32 +0000"
    },
    "done": false
  },
  "incendium:technical/on_block": {
    "criteria": {
      "log_spam_fixer": "2024-07-09 02:17:32 +0000"
    },
    "done": false
  },
  "minecraft:recipes/redstone/lever": {
    "criteria": {
      "has_cobblestone": "2024-07-09 02:09:25 +0000"
    },
    "done": true
  },
  "minecraft:recipes/decorations/ladder": {
    "criteria": {
      "has_stick": "2024-07-09 02:04:01 +0000"
    },
    "done": true
  },
  "shieldexp:recipes/wooden_shield": {
    "criteria": {
      "has_stick": "2024-07-09 02:04:01 +0000"
    },
    "done": true
  },
  "minecraft:recipes/misc/iron_nugget_from_smelting": {
    "criteria": {
      "has_iron_pickaxe": "2024-07-09 02:04:05 +0000"
    },
    "done": true
  },
  "another_furniture:recipes/oak_drawer": {
    "criteria": {
      "has_planks": "2024-07-09 02:04:01 +0000"
    },
    "done": true
  },
  "minecraft:recipes/tools/golden_axe": {
    "criteria": {
      "has_gold_ingot": "2024-07-09 02:14:08 +0000"
    },
    "done": true
  },
  "minecraft:story/iron_tools": {
    "criteria": {
      "iron_pickaxe": "2024-07-09 02:04:05 +0000"
    },
    "done": true
  },
  "minecraft:recipes/decorations/oak_sign": {
    "criteria": {
      "has_planks": "2024-07-09 02:04:02 +0000"
    },
    "done": true
  },
  "minecraft:recipes/redstone/oak_trapdoor": {
    "criteria": {
      "has_planks": "2024-07-09 02:04:02 +0000"
    },
    "done": true
  },
  "minecraft:recipes/tools/golden_pickaxe": {
    "criteria": {
      "has_gold_ingot": "2024-07-09 02:14:08 +0000"
    },
    "done": true
  },
  "minecraft:recipes/combat/stone_sword": {
    "criteria": {
      "has_cobblestone": "2024-07-09 02:09:25 +0000"
    },
    "done": true
  },
  "minecraft:recipes/decorations/cobblestone_wall": {
    "criteria": {
      "has_cobblestone": "2024-07-09 02:09:25 +0000"
    },
    "done": true
  },
  "minecraft:recipes/tools/stone_axe": {
    "criteria": {
      "has_cobblestone": "2024-07-09 02:09:25 +0000"
    },
    "done": true
  },
  "minecraft:recipes/building_blocks/raw_iron_block": {
    "criteria": {
      "has_raw_iron": "2024-07-09 02:11:12 +0000"
    },
    "done": true
  },
  "another_furniture:recipes/oak_chair": {
    "criteria": {
      "has_planks": "2024-07-09 02:04:02 +0000"
    },
    "done": true
  },
  "minecraft:recipes/misc/gold_nugget": {
    "criteria": {
      "has_gold_ingot": "2024-07-09 02:14:08 +0000"
    },
    "done": true
  },
  "minecraft:recipes/tools/golden_shovel": {
    "criteria": {
      "has_gold_ingot": "2024-07-09 02:14:08 +0000"
    },
    "done": true
  },
  "minecraft:recipes/combat/bow": {
    "criteria": {
      "has_string": "2024-07-09 02:16:12 +0000"
    },
    "done": true
  },
  "minecraft:story/mine_stone": {
    "criteria": {
      "get_stone": "2024-07-09 02:09:25 +0000"
    },
    "done": true
  },
  "minecraft:recipes/decorations/furnace": {
    "criteria": {
      "has_cobblestone": "2024-07-09 02:09:25 +0000"
    },
    "done": true
  },
  "minecraft:recipes/food/golden_apple": {
    "criteria": {
      "has_gold_ingot": "2024-07-09 02:14:08 +0000"
    },
    "done": true
  },
  "minecraft:recipes/combat/golden_boots": {
    "criteria": {
      "has_gold_ingot": "2024-07-09 02:14:08 +0000"
    },
    "done": true
  },
  "minecraft:recipes/tools/wooden_axe": {
    "criteria": {
      "has_stick": "2024-07-09 02:04:01 +0000"
    },
    "done": true
  },
  "minecraft:recipes/combat/golden_helmet": {
    "criteria": {
      "has_gold_ingot": "2024-07-09 02:14:08 +0000"
    },
    "done": true
  },
  "minecraft:recipes/tools/fishing_rod": {
    "criteria": {
      "has_string": "2024-07-09 02:16:12 +0000"
    },
    "done": true
  },
  "another_furniture:recipes/dark_oak_drawer": {
    "criteria": {
      "has_planks": "2024-07-09 02:04:01 +0000"
    },
    "done": true
  },
  "minecraft:recipes/building_blocks/cobblestone_slab_from_cobblestone_stonecutting": {
    "criteria": {
      "has_cobblestone": "2024-07-09 02:09:25 +0000"
    },
    "done": true
  },
  "minecraft:recipes/building_blocks/oak_stairs": {
    "criteria": {
      "has_planks": "2024-07-09 02:04:02 +0000"
    },
    "done": true
  },
  "minecraft:recipes/decorations/oak_fence": {
    "criteria": {
      "has_planks": "2024-07-09 02:04:02 +0000"
    },
    "done": true
  },
  "minecraft:recipes/combat/golden_chestplate": {
    "criteria": {
      "has_gold_ingot": "2024-07-09 02:14:08 +0000"
    },
    "done": true
  },
  "travelersbackpack:recipes/misc/gold": {
    "criteria": {
      "has_gold_ingot": "2024-07-09 02:14:08 +0000"
    },
    "done": true
  },
  "minecraft:recipes/redstone/tripwire_hook": {
    "criteria": {
      "has_string": "2024-07-09 02:16:12 +0000"
    },
    "done": true
  },
  "travelersbackpack:recipes/misc/spider": {
    "criteria": {
      "has_string": "2024-07-09 02:16:12 +0000"
    },
    "done": true
  },
  "minecraft:recipes/building_blocks/stone": {
    "criteria": {
      "has_cobblestone": "2024-07-09 02:09:25 +0000"
    },
    "done": true
  },
  "another_furniture:recipes/warped_drawer": {
    "criteria": {
      "has_planks": "2024-07-09 02:04:01 +0000"
    },
    "done": true
  },
  "minecraft:recipes/decorations/candle": {
    "criteria": {
      "has_string": "2024-07-09 02:16:12 +0000"
    },
    "done": true
  },
  "minecraft:recipes/redstone/light_weighted_pressure_plate": {
    "criteria": {
      "has_gold_ingot": "2024-07-09 02:14:08 +0000"
    },
    "done": true
  },
  "minecraft:recipes/redstone/oak_button": {
    "criteria": {
      "has_planks": "2024-07-09 02:04:02 +0000"
    },
    "done": true
  },
  "another_furniture:recipes/acacia_drawer": {
    "criteria": {
      "has_planks": "2024-07-09 02:04:01 +0000"
    },
    "done": true
  },
  "minecraft:recipes/decorations/torch": {
    "criteria": {
      "has_the_recipe": "2024-07-09 02:12:56 +0000"
    },
    "done": true
  },
  "another_furniture:recipes/spruce_drawer": {
    "criteria": {
      "has_planks": "2024-07-09 02:04:01 +0000"
    },
    "done": true
  },
  "minecraft:recipes/building_blocks/oak_slab": {
    "criteria": {
      "has_planks": "2024-07-09 02:04:02 +0000"
    },
    "done": true
  },
  "another_furniture:recipes/jungle_drawer": {
    "criteria": {
      "has_planks": "2024-07-09 02:04:01 +0000"
    },
    "done": true
  },
  "minecraft:recipes/misc/iron_ingot_from_smelting_raw_iron": {
    "criteria": {
      "has_raw_iron": "2024-07-09 02:11:12 +0000"
    },
    "done": true
  },
  "minecraft:recipes/tools/stone_pickaxe": {
    "criteria": {
      "has_cobblestone": "2024-07-09 02:09:25 +0000"
    },
    "done": true
  },
  "another_furniture:recipes/oak_shelf": {
    "criteria": {
      "has_planks": "2024-07-09 02:04:02 +0000"
    },
    "done": true
  },
  "minecraft:recipes/tools/wooden_hoe": {
    "criteria": {
      "has_stick": "2024-07-09 02:04:01 +0000"
    },
    "done": true
  },
  "minecraft:recipes/redstone/oak_fence_gate": {
    "criteria": {
      "has_planks": "2024-07-09 02:04:02 +0000"
    },
    "done": true
  },
  "another_furniture:recipes/crimson_drawer": {
    "criteria": {
      "has_planks": "2024-07-09 02:04:01 +0000"
    },
    "done": true
  },
  "minecraft:recipes/tools/wooden_pickaxe": {
    "criteria": {
      "has_stick": "2024-07-09 02:04:01 +0000"
    },
    "done": true
  },
  "travelersbackpack:recipes/misc/enderman": {
    "criteria": {
      "has_ender_pearl": "2024-07-09 02:15:04 +0000"
    },
    "done": true
  },
  "minecraft:recipes/redstone/oak_pressure_plate": {
    "criteria": {
      "has_planks": "2024-07-09 02:04:02 +0000"
    },
    "done": true
  },
  "minecraft:recipes/redstone/oak_door": {
    "criteria": {
      "has_planks": "2024-07-09 02:04:02 +0000"
    },
    "done": true
  },
  "another_furniture:recipes/oak_table": {
    "criteria": {
      "has_planks": "2024-07-09 02:04:02 +0000"
    },
    "done": true
  },
  "minecraft:recipes/combat/golden_sword": {
    "criteria": {
      "has_gold_ingot": "2024-07-09 02:14:08 +0000"
    },
    "done": true
  },
  "minecraft:recipes/tools/wooden_shovel": {
    "criteria": {
      "has_stick": "2024-07-09 02:04:01 +0000"
    },
    "done": true
  },
  "another_furniture:recipes/cherry_drawer": {
    "criteria": {
      "has_planks": "2024-07-09 02:04:01 +0000"
    },
    "done": true
  },
  "minecraft:recipes/building_blocks/cobblestone_slab": {
    "criteria": {
      "has_cobblestone": "2024-07-09 02:09:25 +0000"
    },
    "done": true
  },
  "another_furniture:recipes/bamboo_drawer": {
    "criteria": {
      "has_planks": "2024-07-09 02:04:01 +0000"
    },
    "done": true
  },
  "another_furniture:recipes/mangrove_drawer": {
    "criteria": {
      "has_planks": "2024-07-09 02:04:01 +0000"
    },
    "done": true
  },
  "minecraft:recipes/building_blocks/gold_block": {
    "criteria": {
      "has_gold_ingot": "2024-07-09 02:14:08 +0000"
    },
    "done": true
  },
  "minecraft:recipes/building_blocks/white_wool_from_string": {
    "criteria": {
      "has_string": "2024-07-09 02:16:12 +0000"
    },
    "done": true
  },
  "minecraft:recipes/misc/iron_ingot_from_blasting_raw_iron": {
    "criteria": {
      "has_raw_iron": "2024-07-09 02:11:12 +0000"
    },
    "done": true
  },
  "minecraft:recipes/combat/wooden_sword": {
    "criteria": {
      "has_stick": "2024-07-09 02:04:01 +0000"
    },
    "done": true
  },
  "minecraft:recipes/building_blocks/oak_planks": {
    "criteria": {
      "has_logs": "2024-07-09 02:03:52 +0000"
    },
    "done": true
  },
  "minecraft:recipes/misc/iron_nugget_from_blasting": {
    "criteria": {
      "has_iron_pickaxe": "2024-07-09 02:04:05 +0000"
    },
    "done": true
  },
  "minecraft:recipes/decorations/cobblestone_wall_from_cobblestone_stonecutting": {
    "criteria": {
      "has_cobblestone": "2024-07-09 02:09:25 +0000"
    },
    "done": true
  },
  "travelersbackpack:recipes/misc/gold_tier_upgrade": {
    "criteria": {
      "has_gold_ingot": "2024-07-09 02:14:08 +0000"
    },
    "done": true
  },
  "shieldexp:recipes/golden_shield": {
    "criteria": {
      "has_gold_ingot": "2024-07-09 02:14:08 +0000"
    },
    "done": true
  },
  "minecraft:recipes/building_blocks/cobblestone_stairs_from_cobblestone_stonecutting": {
    "criteria": {
      "has_cobblestone": "2024-07-09 02:09:25 +0000"
    },
    "done": true
  },
  "minecraft:recipes/tools/golden_hoe": {
    "criteria": {
      "has_gold_ingot": "2024-07-09 02:14:08 +0000"
    },
    "done": true
  },
  "minecraft:recipes/building_blocks/cobblestone_stairs": {
    "criteria": {
      "has_cobblestone": "2024-07-09 02:09:25 +0000"
    },
    "done": true
  },
  "minecraft:recipes/tools/stone_hoe": {
    "criteria": {
      "has_cobblestone": "2024-07-09 02:09:25 +0000"
    },
    "done": true
  },
  "another_furniture:recipes/furniture_hammer": {
    "criteria": {
      "has_stick": "2024-07-09 02:04:01 +0000"
    },
    "done": true
  },
  "minecraft:recipes/decorations/loom": {
    "criteria": {
      "has_string": "2024-07-09 02:16:12 +0000"
    },
    "done": true
  },
  "another_furniture:recipes/birch_drawer": {
    "criteria": {
      "has_planks": "2024-07-09 02:04:01 +0000"
    },
    "done": true
  },
  "minecraft:recipes/tools/stone_shovel": {
    "criteria": {
      "has_cobblestone": "2024-07-09 02:09:25 +0000"
    },
    "done": true
  },
  "minecraft:recipes/building_blocks/oak_wood": {
    "criteria": {
      "has_log": "2024-07-09 02:03:52 +0000"
    },
    "done": true
  },
  "minecraft:recipes/combat/golden_leggings": {
    "criteria": {
      "has_gold_ingot": "2024-07-09 02:14:08 +0000"
    },
    "done": true
  },
  "DataVersion": 3465
}